{
  "model_type": "LogisticRegression",
  "features": [
    "attendance_percentage",
    "quiz_average",
    "assignment_average",
    "midterm_score",
    "participation_score",
    "study_hours_per_week",
    "previous_gpa"
  ],
  "classes": [
    "A",
    "B",
    "C",
    "D"
  ],
  "coefficients": [
    [
      0.07666697529088885,
      0.12850211585240998,
      0.13593035555719601,
      0.13496893792571463,
      0.5788961187381444,
      -0.019808261982912554,
      0.008730946871843502
    ],
    [
      -0.005591493980005288,
      -0.014803080933070787,
      -0.013364477512684252,
      0.002345088303014565,
      -0.05099292055720082,
      -0.017188301431403714,
      0.23661668989682844
    ],
    [
      -0.047649707603599864,
      -0.06946277386456881,
      -0.07418695862271281,
      -0.07812523014280588,
      -0.2997945401655915,
      0.027968028370638234,
      -0.3828493431126453
    ],
    [
      -0.156294941330416,
      -0.17918645540555714,
      -0.09729372294702841,
      -0.1666667487344701,
      -0.8602216593180283,
      -0.12722201181958678,
      -0.36356709036391677
    ]
  ],
  "intercept": [
    -47.92481511849974,
    2.5886114816715398,
    23.87412905942167,
    49.94248895741513
  ]
}