{
  "model_type": "LogisticRegression",
  "features": [
    "attendance_percentage",
    "quiz_average",
    "assignment_average",
    "midterm_score",
    "participation_score",
    "study_hours_per_week",
    "previous_gpa"
  ],
  "classes": [
    "Fail",
    "Pass"
  ],
  "coefficients": [
    [
      -0.1751314154537943,
      -0.1759810255489564,
      -0.0891358292838157,
      -0.17068196714092435,
      -0.7916602797628309,
      -0.08719497779335227,
      -0.22777623979340964
    ],
    [
      0.1751314154537943,
      0.1759810255489564,
      0.0891358292838157,
      0.17068196714092435,
      0.7916602797628309,
      0.08719497779335227,
      0.22777623979340964
    ]
  ],
  "intercept": [
    49.67975743335674,
    -49.67975743335674
  ]
}